ProductoID,SKU,NombreProducto,CategoriaID,ProveedorID,Marca,CostoUnitario,PrecioLista,FechaLanzamiento,Activo
1,SKU-0001,Producto 001,1,18,Nativo,1064.30,1330.38,2020-08-27,1
2,SKU-0002,Producto 002,2,19,Horizonte,1064.40,1383.72,2020-08-26,1
3,SKU-0003,Producto 003,3,20,Nova,1064.50,1437.08,2020-08-25,1
4,SKU-0004,Producto 004,4,5,Prisma,1064.60,1490.44,2020-08-24,1
5,SKU-0005,Producto 005,5,6,Origen,1064.70,1543.82,2020-08-23,1
6,SKU-0006,Producto 006,6,7,Lumen,1064.80,1597.20,2020-08-22,1
7,SKU-0007,Producto 007,7,8,Cumbre,1064.90,1650.60,2020-08-21,1
8,SKU-0008,Producto 008,8,1,Arena,1065.00,1704.00,2020-08-20,1
9,SKU-0009,Producto 009,9,2,Verde,1065.10,1278.12,2020-08-19,1
10,SKU-0010,Producto 010,10,19,Altura,317.00,396.25,2022-01-27,1
11,SKU-0011,Producto 011,1,20,Brisa,317.10,412.23,2022-01-26,1
12,SKU-0012,Producto 012,2,17,Atlas,317.20,428.22,2022-01-29,1
13,SKU-0013,Producto 013,3,18,Verde,317.30,444.22,2022-01-28,1
14,SKU-0014,Producto 014,4,7,Arena,317.40,460.23,2022-01-15,1
15,SKU-0015,Producto 015,5,8,Cumbre,317.50,476.25,2022-01-14,1
16,SKU-0016,Producto 016,6,5,Lumen,317.60,492.28,2022-01-17,1
17,SKU-0017,Producto 017,7,6,Origen,317.70,508.32,2022-01-16,1
18,SKU-0018,Producto 018,8,3,Prisma,317.80,381.36,2022-01-19,1
19,SKU-0019,Producto 019,9,4,Nova,317.90,397.38,2022-01-18,1
20,SKU-0020,Producto 020,10,11,Arena,318.60,414.18,2022-02-12,1
21,SKU-0021,Producto 021,1,12,Cumbre,318.70,430.25,2022-02-11,1
22,SKU-0022,Producto 022,2,9,Lumen,318.80,446.32,2022-02-14,1
23,SKU-0023,Producto 023,3,10,Origen,318.90,462.41,2022-02-13,0
24,SKU-0024,Producto 024,4,23,Prisma,319.00,478.50,2022-01-31,1
25,SKU-0025,Producto 025,5,24,Nova,319.10,494.61,2022-01-30,1
26,SKU-0026,Producto 026,6,21,Horizonte,319.20,510.72,2022-02-02,1
27,SKU-0027,Producto 027,7,22,Nativo,319.30,383.16,2022-02-01,1
28,SKU-0028,Producto 028,8,19,Altura,319.40,399.25,2022-02-04,1
29,SKU-0029,Producto 029,9,20,Brisa,319.50,415.35,2022-02-03,1
30,SKU-0030,Producto 030,10,3,Prisma,320.20,432.27,2022-02-28,1
31,SKU-0031,Producto 031,1,4,Nova,320.30,448.42,2022-02-27,1
32,SKU-0032,Producto 032,2,1,Horizonte,320.40,464.58,2022-03-02,1
33,SKU-0033,Producto 033,3,2,Nativo,320.50,480.75,2022-03-01,1
34,SKU-0034,Producto 034,4,15,Altura,320.60,496.93,2022-02-16,1
35,SKU-0035,Producto 035,5,16,Brisa,320.70,513.12,2022-02-15,1
36,SKU-0036,Producto 036,6,13,Atlas,320.80,384.96,2022-02-18,1
37,SKU-0037,Producto 037,7,14,Verde,320.90,401.13,2022-02-17,1
38,SKU-0038,Producto 038,8,11,Arena,321.00,417.30,2022-02-20,1
39,SKU-0039,Producto 039,9,12,Cumbre,321.10,433.49,2022-02-19,1
40,SKU-0040,Producto 040,10,11,Prisma,296.20,414.68,2021-07-03,1
41,SKU-0041,Producto 041,1,12,Nova,296.30,429.64,2021-07-02,1
42,SKU-0042,Producto 042,2,9,Horizonte,296.40,444.60,2021-07-05,1
43,SKU-0043,Producto 043,3,10,Nativo,296.50,459.58,2021-07-04,1
44,SKU-0044,Producto 044,4,23,Altura,296.60,474.56,2021-06-21,1
45,SKU-0045,Producto 045,5,24,Brisa,296.70,356.04,2021-06-20,1
46,SKU-0046,Producto 046,6,21,Atlas,296.80,371.00,2021-06-23,0
47,SKU-0047,Producto 047,7,22,Verde,296.90,385.97,2021-06-22,1
48,SKU-0048,Producto 048,8,19,Arena,297.00,400.95,2021-06-25,1
49,SKU-0049,Producto 049,9,20,Cumbre,297.10,415.94,2021-06-24,1
50,SKU-0050,Producto 050,10,3,Altura,297.80,431.81,2021-07-19,1
51,SKU-0051,Producto 051,1,4,Brisa,297.90,446.85,2021-07-18,1
52,SKU-0052,Producto 052,2,1,Atlas,298.00,461.90,2021-07-21,1
53,SKU-0053,Producto 053,3,2,Verde,298.10,476.96,2021-07-20,1
54,SKU-0054,Producto 054,4,15,Arena,298.20,357.84,2021-07-07,1
55,SKU-0055,Producto 055,5,16,Cumbre,298.30,372.88,2021-07-06,1
56,SKU-0056,Producto 056,6,13,Lumen,298.40,387.92,2021-07-09,1
57,SKU-0057,Producto 057,7,14,Origen,298.50,402.98,2021-07-08,1
58,SKU-0058,Producto 058,8,11,Prisma,298.60,418.04,2021-07-11,1
59,SKU-0059,Producto 059,9,12,Nova,298.70,433.12,2021-07-10,1
60,SKU-0060,Producto 060,10,19,Arena,299.40,449.10,2021-08-04,1
61,SKU-0061,Producto 061,1,20,Cumbre,299.50,464.23,2021-08-03,1
62,SKU-0062,Producto 062,2,17,Lumen,299.60,479.36,2021-08-06,1
63,SKU-0063,Producto 063,3,18,Origen,299.70,359.64,2021-08-05,1
64,SKU-0064,Producto 064,4,7,Prisma,299.80,374.75,2021-07-23,1
65,SKU-0065,Producto 065,5,8,Nova,299.90,389.87,2021-07-22,1
66,SKU-0066,Producto 066,6,5,Horizonte,300.00,405.00,2021-07-25,1
67,SKU-0067,Producto 067,7,6,Nativo,300.10,420.14,2021-07-24,1
68,SKU-0068,Producto 068,8,3,Altura,300.20,435.29,2021-07-27,1
69,SKU-0069,Producto 069,9,4,Brisa,300.30,450.45,2021-07-26,0
70,SKU-0070,Producto 070,10,11,Prisma,301.00,466.55,2021-08-20,1
71,SKU-0071,Producto 071,1,12,Nova,301.10,481.76,2021-08-19,1
72,SKU-0072,Producto 072,2,9,Horizonte,301.20,361.44,2021-08-22,1
73,SKU-0073,Producto 073,3,10,Nativo,301.30,376.63,2021-08-21,1
74,SKU-0074,Producto 074,4,23,Altura,301.40,391.82,2021-08-08,1
75,SKU-0075,Producto 075,5,24,Brisa,301.50,407.03,2021-08-07,1
76,SKU-0076,Producto 076,6,21,Atlas,301.60,422.24,2021-08-10,1
77,SKU-0077,Producto 077,7,22,Verde,301.70,437.47,2021-08-09,1
78,SKU-0078,Producto 078,8,19,Arena,301.80,452.70,2021-08-12,1
79,SKU-0079,Producto 079,9,20,Cumbre,301.90,467.95,2021-08-11,1
80,SKU-0080,Producto 080,10,19,Altura,302.60,484.16,2021-09-05,1
81,SKU-0081,Producto 081,1,20,Brisa,302.70,363.24,2021-09-04,1
82,SKU-0082,Producto 082,2,17,Atlas,302.80,378.50,2021-09-07,1
83,SKU-0083,Producto 083,3,18,Verde,302.90,393.77,2021-09-06,1
84,SKU-0084,Producto 084,4,7,Arena,303.00,409.05,2021-08-24,1
85,SKU-0085,Producto 085,5,8,Cumbre,303.10,424.34,2021-08-23,1
86,SKU-0086,Producto 086,6,5,Lumen,303.20,439.64,2021-08-26,1
87,SKU-0087,Producto 087,7,6,Origen,303.30,454.95,2021-08-25,1
88,SKU-0088,Producto 088,8,3,Prisma,303.40,470.27,2021-08-28,1
89,SKU-0089,Producto 089,9,4,Nova,303.50,485.60,2021-08-27,1
90,SKU-0090,Producto 090,10,11,Arena,304.20,365.04,2021-09-21,1
91,SKU-0091,Producto 091,1,12,Cumbre,304.30,380.38,2021-09-20,1
92,SKU-0092,Producto 092,2,9,Lumen,304.40,395.72,2021-09-23,0
93,SKU-0093,Producto 093,3,10,Origen,304.50,411.08,2021-09-22,1
94,SKU-0094,Producto 094,4,23,Prisma,304.60,426.44,2021-09-09,1
95,SKU-0095,Producto 095,5,24,Nova,304.70,441.82,2021-09-08,1
96,SKU-0096,Producto 096,6,21,Horizonte,304.80,457.20,2021-09-11,1
97,SKU-0097,Producto 097,7,22,Nativo,304.90,472.60,2021-09-10,1
98,SKU-0098,Producto 098,8,19,Altura,305.00,488.00,2021-09-13,1
99,SKU-0099,Producto 099,9,20,Brisa,305.10,366.12,2021-09-12,1
100,SKU-0100,Producto 100,10,7,Nativo,1439.40,1799.25,2020-03-22,1
101,SKU-0101,Producto 101,1,6,Altura,1439.30,1871.09,2020-03-21,1
102,SKU-0102,Producto 102,2,9,Nova,1439.20,1942.92,2020-03-24,1
103,SKU-0103,Producto 103,3,8,Horizonte,1439.10,2014.74,2020-03-23,1
104,SKU-0104,Producto 104,4,19,Nativo,1439.00,2086.55,2020-03-26,1
105,SKU-0105,Producto 105,5,18,Altura,1438.90,2158.35,2020-03-25,1
106,SKU-0106,Producto 106,6,21,Nova,1438.80,2230.14,2020-03-28,1
107,SKU-0107,Producto 107,7,20,Horizonte,1438.70,2301.92,2020-03-27,1
108,SKU-0108,Producto 108,8,23,Origen,1438.60,1726.32,2020-03-30,1
109,SKU-0109,Producto 109,9,22,Prisma,1438.50,1798.13,2020-03-29,1
110,SKU-0110,Producto 110,10,15,Origen,1437.80,1869.14,2020-03-06,1
111,SKU-0111,Producto 111,1,14,Prisma,1437.70,1940.90,2020-03-05,1
112,SKU-0112,Producto 112,2,17,Cumbre,1437.60,2012.64,2020-03-08,1
113,SKU-0113,Producto 113,3,16,Lumen,1437.50,2084.38,2020-03-07,1
114,SKU-0114,Producto 114,4,3,Origen,1437.40,2156.10,2020-03-10,1
115,SKU-0115,Producto 115,5,2,Prisma,1437.30,2227.82,2020-03-09,0
116,SKU-0116,Producto 116,6,5,Cumbre,1437.20,2299.52,2020-03-12,1
117,SKU-0117,Producto 117,7,4,Lumen,1437.10,1724.52,2020-03-11,1
118,SKU-0118,Producto 118,8,7,Verde,1437.00,1796.25,2020-03-14,1
119,SKU-0119,Producto 119,9,6,Arena,1436.90,1867.97,2020-03-13,1
120,SKU-0120,Producto 120,10,15,Verde,1436.20,1938.87,2020-04-23,1
121,SKU-0121,Producto 121,1,14,Arena,1436.10,2010.54,2020-04-22,1
122,SKU-0122,Producto 122,2,17,Brisa,1436.00,2082.20,2020-04-25,1
123,SKU-0123,Producto 123,3,16,Atlas,1435.90,2153.85,2020-04-24,1
124,SKU-0124,Producto 124,4,3,Verde,1435.80,2225.49,2020-04-27,1
125,SKU-0125,Producto 125,5,2,Arena,1435.70,2297.12,2020-04-26,1
126,SKU-0126,Producto 126,6,5,Brisa,1435.60,1722.72,2020-04-29,1
127,SKU-0127,Producto 127,7,4,Atlas,1435.50,1794.38,2020-04-28,1
128,SKU-0128,Producto 128,8,7,Nativo,1435.40,1866.02,2020-05-01,1
129,SKU-0129,Producto 129,9,6,Altura,1435.30,1937.66,2020-04-30,1
130,SKU-0130,Producto 130,10,23,Nativo,1434.60,2008.44,2020-04-07,1
131,SKU-0131,Producto 131,1,22,Altura,1434.50,2080.03,2020-04-06,1
132,SKU-0132,Producto 132,2,1,Nova,1434.40,2151.60,2020-04-09,1
133,SKU-0133,Producto 133,3,24,Horizonte,1434.30,2223.17,2020-04-08,1
134,SKU-0134,Producto 134,4,11,Nativo,1434.20,2294.72,2020-04-11,1
135,SKU-0135,Producto 135,5,10,Altura,1434.10,1720.92,2020-04-10,1
136,SKU-0136,Producto 136,6,13,Nova,1434.00,1792.50,2020-04-13,1
137,SKU-0137,Producto 137,7,12,Horizonte,1433.90,1864.07,2020-04-12,1
138,SKU-0138,Producto 138,8,15,Origen,1433.80,1935.63,2020-04-15,0
139,SKU-0139,Producto 139,9,14,Prisma,1433.70,2007.18,2020-04-14,1
140,SKU-0140,Producto 140,10,23,Nativo,1458.60,2114.97,2020-05-25,1
141,SKU-0141,Producto 141,1,22,Altura,1458.50,2187.75,2020-05-24,1
142,SKU-0142,Producto 142,2,1,Nova,1458.40,2260.52,2020-05-27,1
143,SKU-0143,Producto 143,3,24,Horizonte,1458.30,2333.28,2020-05-26,1
144,SKU-0144,Producto 144,4,11,Nativo,1458.20,1749.84,2020-05-29,1
145,SKU-0145,Producto 145,5,10,Altura,1458.10,1822.63,2020-05-28,1
146,SKU-0146,Producto 146,6,13,Nova,1458.00,1895.40,2020-05-31,1
147,SKU-0147,Producto 147,7,12,Horizonte,1457.90,1968.17,2020-05-30,1
148,SKU-0148,Producto 148,8,15,Origen,1457.80,2040.92,2020-06-02,1
149,SKU-0149,Producto 149,9,14,Prisma,1457.70,2113.67,2020-06-01,1
150,SKU-0150,Producto 150,10,7,Origen,1457.00,2185.50,2020-05-09,1
151,SKU-0151,Producto 151,1,6,Prisma,1456.90,2258.20,2020-05-08,1
152,SKU-0152,Producto 152,2,9,Cumbre,1456.80,2330.88,2020-05-11,1
153,SKU-0153,Producto 153,3,8,Lumen,1456.70,1748.04,2020-05-10,1
154,SKU-0154,Producto 154,4,19,Origen,1456.60,1820.75,2020-05-13,1
155,SKU-0155,Producto 155,5,18,Prisma,1456.50,1893.45,2020-05-12,1
156,SKU-0156,Producto 156,6,21,Cumbre,1456.40,1966.14,2020-05-15,1
157,SKU-0157,Producto 157,7,20,Lumen,1456.30,2038.82,2020-05-14,1
158,SKU-0158,Producto 158,8,23,Verde,1456.20,2111.49,2020-05-17,1
159,SKU-0159,Producto 159,9,22,Arena,1456.10,2184.15,2020-05-16,1
160,SKU-0160,Producto 160,10,7,Verde,1455.40,2255.87,2020-06-26,1
161,SKU-0161,Producto 161,1,6,Arena,1455.30,2328.48,2020-06-25,0
162,SKU-0162,Producto 162,2,9,Brisa,1455.20,1746.24,2020-06-28,1
163,SKU-0163,Producto 163,3,8,Atlas,1455.10,1818.88,2020-06-27,1
164,SKU-0164,Producto 164,4,19,Verde,1455.00,1891.50,2020-06-30,1
165,SKU-0165,Producto 165,5,18,Arena,1454.90,1964.12,2020-06-29,1
166,SKU-0166,Producto 166,6,21,Brisa,1454.80,2036.72,2020-07-02,1
167,SKU-0167,Producto 167,7,20,Atlas,1454.70,2109.32,2020-07-01,1
168,SKU-0168,Producto 168,8,23,Nativo,1454.60,2181.90,2020-07-04,1
169,SKU-0169,Producto 169,9,22,Altura,1454.50,2254.48,2020-07-03,1
170,SKU-0170,Producto 170,10,15,Nativo,1453.80,2326.08,2020-06-10,1
171,SKU-0171,Producto 171,1,14,Altura,1453.70,1744.44,2020-06-09,1
172,SKU-0172,Producto 172,2,17,Nova,1453.60,1817.00,2020-06-12,1
173,SKU-0173,Producto 173,3,16,Horizonte,1453.50,1889.55,2020-06-11,1
174,SKU-0174,Producto 174,4,3,Nativo,1453.40,1962.09,2020-06-14,1
175,SKU-0175,Producto 175,5,2,Altura,1453.30,2034.62,2020-06-13,1
176,SKU-0176,Producto 176,6,5,Nova,1453.20,2107.14,2020-06-16,1
177,SKU-0177,Producto 177,7,4,Horizonte,1453.10,2179.65,2020-06-15,1
178,SKU-0178,Producto 178,8,7,Origen,1453.00,2252.15,2020-06-18,1
179,SKU-0179,Producto 179,9,6,Prisma,1452.90,2324.64,2020-06-17,1
180,SKU-0180,Producto 180,10,15,Origen,1452.20,1742.64,2020-07-28,1
181,SKU-0181,Producto 181,1,14,Prisma,1452.10,1815.13,2020-07-27,1
182,SKU-0182,Producto 182,2,17,Cumbre,1452.00,1887.60,2020-07-30,1
183,SKU-0183,Producto 183,3,16,Lumen,1451.90,1960.07,2020-07-29,1
184,SKU-0184,Producto 184,4,3,Origen,1451.80,2032.52,2020-08-01,0
185,SKU-0185,Producto 185,5,2,Prisma,1451.70,2104.97,2020-07-31,1
186,SKU-0186,Producto 186,6,5,Cumbre,1451.60,2177.40,2020-08-03,1
187,SKU-0187,Producto 187,7,4,Lumen,1451.50,2249.83,2020-08-02,1
188,SKU-0188,Producto 188,8,7,Verde,1451.40,2322.24,2020-08-05,1
189,SKU-0189,Producto 189,9,6,Arena,1451.30,1741.56,2020-08-04,1
190,SKU-0190,Producto 190,10,23,Verde,1450.60,1813.25,2020-07-12,1
191,SKU-0191,Producto 191,1,22,Arena,1450.50,1885.65,2020-07-11,1
192,SKU-0192,Producto 192,2,1,Brisa,1450.40,1958.04,2020-07-14,1
193,SKU-0193,Producto 193,3,24,Atlas,1450.30,2030.42,2020-07-13,1
194,SKU-0194,Producto 194,4,11,Verde,1450.20,2102.79,2020-07-16,1
195,SKU-0195,Producto 195,5,10,Arena,1450.10,2175.15,2020-07-15,1
196,SKU-0196,Producto 196,6,13,Brisa,1450.00,2247.50,2020-07-18,1
197,SKU-0197,Producto 197,7,12,Atlas,1449.90,2319.84,2020-07-17,1
198,SKU-0198,Producto 198,8,15,Nativo,1449.80,1739.76,2020-07-20,1
199,SKU-0199,Producto 199,9,14,Altura,1449.70,1812.13,2020-07-19,1
200,SKU-0200,Producto 200,10,15,Origen,1413.80,1837.94,2020-12-03,1
201,SKU-0201,Producto 201,1,14,Prisma,1413.70,1908.50,2020-12-02,1
202,SKU-0202,Producto 202,2,17,Cumbre,1413.60,1979.04,2020-12-05,1
203,SKU-0203,Producto 203,3,16,Lumen,1413.50,2049.58,2020-12-04,1
204,SKU-0204,Producto 204,4,3,Origen,1413.40,2120.10,2020-12-07,1
205,SKU-0205,Producto 205,5,2,Prisma,1413.30,2190.62,2020-12-06,1
206,SKU-0206,Producto 206,6,5,Cumbre,1413.20,2261.12,2020-12-09,1
207,SKU-0207,Producto 207,7,4,Lumen,1413.10,1695.72,2020-12-08,0
208,SKU-0208,Producto 208,8,7,Verde,1413.00,1766.25,2020-12-11,1
209,SKU-0209,Producto 209,9,6,Arena,1412.90,1836.77,2020-12-10,1
210,SKU-0210,Producto 210,10,23,Verde,1412.20,1906.47,2020-11-17,1
211,SKU-0211,Producto 211,1,22,Arena,1412.10,1976.94,2020-11-16,1
212,SKU-0212,Producto 212,2,1,Brisa,1412.00,2047.40,2020-11-19,1
213,SKU-0213,Producto 213,3,24,Atlas,1411.90,2117.85,2020-11-18,1
214,SKU-0214,Producto 214,4,11,Verde,1411.80,2188.29,2020-11-21,1
215,SKU-0215,Producto 215,5,10,Arena,1411.70,2258.72,2020-11-20,1
216,SKU-0216,Producto 216,6,13,Brisa,1411.60,1693.92,2020-11-23,1
217,SKU-0217,Producto 217,7,12,Atlas,1411.50,1764.38,2020-11-22,1
218,SKU-0218,Producto 218,8,15,Nativo,1411.40,1834.82,2020-11-25,1
219,SKU-0219,Producto 219,9,14,Altura,1411.30,1905.26,2020-11-24,1
220,SKU-0220,Producto 220,10,23,Nativo,1410.60,1974.84,2021-01-04,1
221,SKU-0221,Producto 221,1,22,Altura,1410.50,2045.23,2021-01-03,1
222,SKU-0222,Producto 222,2,1,Nova,1410.40,2115.60,2021-01-06,1
223,SKU-0223,Producto 223,3,24,Horizonte,1410.30,2185.97,2021-01-05,1
224,SKU-0224,Producto 224,4,11,Nativo,1410.20,2256.32,2021-01-08,1
225,SKU-0225,Producto 225,5,10,Altura,1410.10,1692.12,2021-01-07,1
226,SKU-0226,Producto 226,6,13,Nova,1410.00,1762.50,2021-01-10,1
227,SKU-0227,Producto 227,7,12,Horizonte,1409.90,1832.87,2021-01-09,1
228,SKU-0228,Producto 228,8,15,Origen,1409.80,1903.23,2021-01-12,1
229,SKU-0229,Producto 229,9,14,Prisma,1409.70,1973.58,2021-01-11,1
230,SKU-0230,Producto 230,10,7,Origen,1409.00,2043.05,2020-12-19,0
231,SKU-0231,Producto 231,1,6,Prisma,1408.90,2113.35,2020-12-18,1
232,SKU-0232,Producto 232,2,9,Cumbre,1408.80,2183.64,2020-12-21,1
233,SKU-0233,Producto 233,3,8,Lumen,1408.70,2253.92,2020-12-20,1
234,SKU-0234,Producto 234,4,19,Origen,1408.60,1690.32,2020-12-23,1
235,SKU-0235,Producto 235,5,18,Prisma,1408.50,1760.63,2020-12-22,1
236,SKU-0236,Producto 236,6,21,Cumbre,1408.40,1830.92,2020-12-25,1
237,SKU-0237,Producto 237,7,20,Lumen,1408.30,1901.21,2020-12-24,1
238,SKU-0238,Producto 238,8,23,Verde,1408.20,1971.48,2020-12-27,1
239,SKU-0239,Producto 239,9,22,Arena,1408.10,2041.75,2020-12-26,1
240,SKU-0240,Producto 240,10,7,Origen,1433.00,2149.50,2021-02-05,1
241,SKU-0241,Producto 241,1,6,Prisma,1432.90,2221.00,2021-02-04,1
242,SKU-0242,Producto 242,2,9,Cumbre,1432.80,2292.48,2021-02-07,1
243,SKU-0243,Producto 243,3,8,Lumen,1432.70,1719.24,2021-02-06,1
244,SKU-0244,Producto 244,4,19,Origen,1432.60,1790.75,2021-02-09,1
245,SKU-0245,Producto 245,5,18,Prisma,1432.50,1862.25,2021-02-08,1
246,SKU-0246,Producto 246,6,21,Cumbre,1432.40,1933.74,2021-02-11,1
247,SKU-0247,Producto 247,7,20,Lumen,1432.30,2005.22,2021-02-10,1
248,SKU-0248,Producto 248,8,23,Verde,1432.20,2076.69,2021-02-13,1
249,SKU-0249,Producto 249,9,22,Arena,1432.10,2148.15,2021-02-12,1
250,SKU-0250,Producto 250,10,15,Verde,1431.40,2218.67,2021-01-20,1
