ProveedorID,NombreProveedor,Pais,FechaAlta
1,Proveedor 01,Republica Dominicana,2022-03-10
2,Proveedor 02,Mexico,2022-01-22
3,Proveedor 03,Colombia,2021-12-06
4,Proveedor 04,Estados Unidos,2021-10-20
5,Proveedor 05,Espana,2021-09-03
6,Proveedor 06,Panama,2021-07-18
7,Proveedor 07,Republica Dominicana,2021-06-01
8,Proveedor 08,Mexico,2021-04-15
9,Proveedor 09,Colombia,2021-02-27
10,Proveedor 10,Estados Unidos,2021-01-11
11,Proveedor 11,Espana,2020-11-25
12,Proveedor 12,Panama,2020-10-09
13,Proveedor 13,Republica Dominicana,2020-08-23
14,Proveedor 14,Mexico,2020-07-07
15,Proveedor 15,Colombia,2020-05-21
16,Proveedor 16,Estados Unidos,2020-04-04
17,Proveedor 17,Espana,2020-02-17
18,Proveedor 18,Panama,2020-01-01
19,Proveedor 19,Republica Dominicana,2019-11-15
20,Proveedor 20,Mexico,2019-09-29
21,Proveedor 21,Colombia,2019-08-13
22,Proveedor 22,Estados Unidos,2019-06-27
23,Proveedor 23,Espana,2019-05-11
24,Proveedor 24,Panama,2019-03-25
