CanalPromocion,FechaFin,FechaInicio,NombrePromocion,PorcentajeDto,PromocionID,PromocionKey
Todos,2/14/2023,2/1/2023,San Valentin 2023,10,1,1
Todos,5/31/2023,5/15/2023,Madres 2023,12,2,2
Todos,8/31/2023,8/1/2023,Regreso a clases 2023,15,3,3
Todos,11/30/2023,11/20/2023,Black Friday 2023,20,4,4
Todos,2/14/2024,2/1/2024,San Valentin 2024,10,5,5
Todos,5/31/2024,5/15/2024,Madres 2024,12,6,6
Todos,8/31/2024,8/1/2024,Regreso a clases 2024,15,7,7
Todos,11/30/2024,11/20/2024,Black Friday 2024,20,8,8
Todos,2/14/2025,2/1/2025,San Valentin 2025,10,9,9
Todos,5/31/2025,5/15/2025,Madres 2025,12,10,10
Todos,8/31/2025,8/1/2025,Regreso a clases 2025,15,11,11
Todos,11/30/2025,11/20/2025,Black Friday 2025,20,12,12
Todos,2/14/2026,2/1/2026,San Valentin 2026,10,13,13
Todos,5/31/2026,5/15/2026,Madres 2026,12,14,14
Todos,8/31/2026,8/1/2026,Regreso a clases 2026,15,15,15
