AnioApertura,Ciudad,NombreTienda,Provincia,TiendaID,TiendaKey,TipoTienda
2017,Santo Domingo,Agora Mall,Distrito Nacional,1,1,Centro comercial
2018,Santo Domingo,Bella Vista,Distrito Nacional,2,2,Calle
2020,Santo Domingo Este,Santo Domingo Este,Santo Domingo,3,3,Express
2021,Santo Domingo Norte,Santo Domingo Norte,Santo Domingo,4,4,Calle
2016,Santiago,Santiago Centro,Santiago,5,5,Centro comercial
2022,Santiago,Santiago Norte,Santiago,6,6,Express
2019,La Vega,La Vega,La Vega,7,7,Calle
2020,San Cristobal,San Cristobal,San Cristobal,8,8,Calle
2018,Puerto Plata,Puerto Plata,Puerto Plata,9,9,Centro comercial
2019,La Romana,La Romana,La Romana,10,10,Centro comercial
2022,Higuey,Higuey,La Altagracia,11,11,Express
2023,Bani,Bani Outlet,Peravia,12,12,Outlet
